{"cameraMode":{"drawMode":0,"name":"Shaded","section":"Shading Mode"},"sceneLighting":true,"audioPlay":false,"sceneViewState":{"m_AlwaysRefresh":false,"showFog":true,"showSkybox":true,"showFlares":true,"showImageEffects":true,"showParticleSystems":true,"showVisualEffectGraphs":true,"m_FxEnabled":true},"in2DMode":false,"pivot":{"x":-17.324913024902345,"y":2.494086742401123,"z":-4.7002058029174809},"rotation":{"x":-0.010925238952040673,"y":0.7004173398017883,"z":-0.01072386372834444,"w":-0.7135709524154663},"size":14.940080642700196,"orthographic":false}